{"full_lolm": {"step": 20981, "loss_tok": 6.156083583831787, "loss_future": 6.2225775718688965, "loss_changepoint": -0.0019477736204862595, "loss_regime": -1.67000150680542, "loss_competitive": 0.012636576779186726, "loss_mem": 0.019825393334031105, "loss_manifest": 0.7870505452156067, "loss_total": 8.776302337646484, "lr": 6.613393591006247e-05, "temp": 0.9300666666666667, "gate_mean": 0.7870505452156067, "regime_unique": 32, "_total_steps": 20981}, "matched_baseline": {"step": 36240, "loss_tok": 5.411993026733398, "loss_future": 0.0, "loss_changepoint": 0.0, "loss_regime": 0.0, "loss_competitive": 0.0, "loss_mem": 0.0, "loss_manifest": 0.0, "loss_total": 5.411993026733398, "lr": 1.8945175683444523e-05, "temp": 0.8792033333333333, "_total_steps": 36240}, "full_pile": {"step": 50000, "loss_tok": 5.4130706787109375, "loss_future": 6.222578048706055, "loss_changepoint": -0.021974217146635056, "loss_regime": -1.4873924255371094, "loss_competitive": 0.06480107456445694, "loss_mem": 0.17037537693977356, "loss_manifest": 0.5338025093078613, "loss_total": 8.096282005310059, "lr": 1e-05, "temp": 0.8333366666666666, "gate_mean": 0.5338025093078613, "regime_unique": 32, "_total_steps": 50004}, "7b_full": {"step": 2, "loss_tok": 213.4181671142578, "loss_future": 6.878631114959717, "loss_changepoint": 0.009975148364901543, "loss_regime": -2.204106092453003, "loss_competitive": 0.1668832004070282, "loss_mem": 0.999991238117218, "loss_manifest": 0.3784968852996826, "loss_total": 216.26768493652344, "lr": 7.5e-08, "gate_mean": 0.3784968852996826, "_total_steps": 2}, "base_pile_f32": {"step": 1418, "loss_tok": 9.200319290161133, "loss_future": 0.0, "loss_changepoint": 0.0, "loss_regime": 0.0, "loss_competitive": 0.0, "loss_mem": 0.0, "loss_manifest": 0.0, "loss_total": 9.200319290161133, "lr": 7.085000000000001e-05, "temp": 0.9952766666666667, "_total_steps": 1418}, "baseline": {"step": 12350, "loss_tok": 6.177422440052032, "loss_future": 5.286086792945862, "loss_changepoint": 0.0, "loss_regime": 0.0, "loss_competitive": 0.08041624024510384, "loss_mem": 0.0, "loss_manifest": 0.7067924606800079, "loss_total": 8.835575437545776, "lr": 0.0002668863394833388, "temp": 0.9588366666666667, "gate_mean": 0.7065417170524597, "_total_steps": 247}, "no_regime": {"step": 29282, "loss_tok": 5.1138505935668945, "loss_future": 6.222574234008789, "loss_changepoint": 0.0, "loss_regime": 0.0, "loss_competitive": 0.010043162852525711, "loss_mem": 0.010213303379714489, "loss_manifest": 0.7919921875, "loss_total": 8.234572410583496, "lr": 3.934528333490183e-05, "temp": 0.9023966666666666, "gate_mean": 0.7919921875, "_total_steps": 29282}, "param_matched": {"step": 50000, "loss_tok": 5.299688339233398, "loss_future": 0.0, "loss_changepoint": 0.0, "loss_regime": 0.0, "loss_competitive": 0.0, "loss_mem": 0.0, "loss_manifest": 0.0, "loss_total": 5.299688339233398, "lr": 1e-05, "temp": 0.8333366666666666, "_total_steps": 50000}, "full_lolm_live": {"step": 50000, "loss_tok": 5.324284553527832, "loss_future": 6.222578048706055, "loss_changepoint": 0.045406002551317215, "loss_regime": -1.4922492504119873, "loss_competitive": 0.011723269708454609, "loss_mem": 0.026228198781609535, "loss_manifest": 0.8122743368148804, "loss_total": 8.003046035766602, "lr": 1e-05, "temp": 0.8333366666666666, "gate_mean": 0.8122743368148804, "regime_unique": 32, "_total_steps": 50000}, "no_gate": {"step": 16195, "loss_tok": 6.279687881469727, "loss_future": 6.222577095031738, "loss_changepoint": -0.004402957856655121, "loss_regime": -1.7134071588516235, "loss_competitive": 0.01062699779868126, "loss_mem": 0.019929643720388412, "loss_manifest": 0.7968697547912598, "loss_total": 8.886541366577148, "lr": 7.993196030322185e-05, "temp": 0.94602, "gate_mean": 0.7968697547912598, "regime_unique": 32, "_total_steps": 16195}, "no_ssm": {"step": 50000, "loss_tok": 5.13939863204956, "loss_future": 0.0, "loss_changepoint": 0.0, "loss_regime": 0.0, "loss_competitive": 0.0, "loss_mem": 0.0, "loss_manifest": 0.0, "loss_total": 5.13939863204956, "lr": 2.9999999999999997e-05, "temp": 0.8333366666666666, "_total_steps": 1000}, "base_c4_f32": {"step": 50000, "loss_tok": 5.330603122711182, "loss_future": 0.0, "loss_changepoint": 0.0, "loss_regime": 0.0, "loss_competitive": 0.0, "loss_mem": 0.0, "loss_manifest": 0.0, "loss_total": 5.330603122711182, "lr": 1e-05, "temp": 0.8333366666666666, "_total_steps": 50000}, "matched_baseline_live": {"step": 50000, "loss_tok": 5.299688339233398, "loss_future": 0.0, "loss_changepoint": 0.0, "loss_regime": 0.0, "loss_competitive": 0.0, "loss_mem": 0.0, "loss_manifest": 0.0, "loss_total": 5.299688339233398, "lr": 1e-05, "temp": 0.8333366666666666, "_total_steps": 50000}, "lolm2": {"step": 19900, "loss_tok": 5.832060968875885, "loss_future": 4.500285284519196, "loss_changepoint": 0.0, "loss_regime": 0.0, "loss_competitive": 0.04716278999112546, "loss_mem": 0.0, "loss_manifest": 0.7501872888207436, "loss_total": 8.094421751499176, "lr": 0.00020831734078055928, "temp": 0.93367, "gate_mean": 0.7767118811607361, "_total_steps": 398}, "full_c4": {"step": 20517, "loss_tok": 6.907031059265137, "loss_future": 6.222576141357422, "loss_changepoint": -0.0008184514008462429, "loss_regime": -1.6846317052841187, "loss_competitive": 0.01010996475815773, "loss_mem": 0.03453109785914421, "loss_manifest": 0.7943181991577148, "loss_total": 9.523528099060059, "lr": 6.756348882815145e-05, "temp": 0.9316133333333333, "gate_mean": 0.7943181991577148, "regime_unique": 32, "_total_steps": 20517}, "lolm": {"step": 19650, "loss_tok": 5.809036271572113, "loss_future": 4.6398565340042115, "loss_changepoint": 0.0, "loss_regime": 0.0, "loss_competitive": 0.029769503995776176, "loss_mem": 0.0, "loss_manifest": 0.7697208023071289, "loss_total": 8.1396386885643, "lr": 0.00021057071659845423, "temp": 0.9345033333333334, "gate_mean": 0.7540324926376343, "_total_steps": 393}}